{
  "import-NAME": 0.00888819695565101,
  "NAME-NEWLINE": 0.08302962968204881,
  "NEWLINE-from": 0.0019531388214647128,
  "from-NAME": 0.0024201937570323614,
  "NAME-import": 0.0024343469368980474,
  "NEWLINE-if": 0.002264508778509812,
  "if-NAME": 0.006050484392580903,
  "NAME-==": 0.003757669254339719,
  "==-STRING": 0.0036019842758171694,
  "STRING-:": 0.006552922277812768,
  ":-NEWLINE": 0.02596400846360156,
  "NEWLINE-INDENT": 0.02748547529916284,
  "INDENT-try": 0.0007430419429485319,
  "try-:": 0.0014577775261656913,
  "INDENT-NAME": 0.01941108618578879,
  "NAME-=": 0.034710673620595704,
  "=-NAME": 0.021208540028730957,
  "NAME-(": 0.06771588906737622,
  "(-NAME": 0.028299283141439802,
  "NAME-.": 0.04823403698225899,
  ".-NAME": 0.05027209488291782,
  "NAME-[": 0.005066838391915704,
  "[-STRING": 0.003474605657025992,
  "STRING-]": 0.0032906143187720702,
  "]-,": 0.000700582403351473,
  ",-NAME": 0.02248940280657557,
  "]-)": 0.0015639263751583386,
  ")-NEWLINE": 0.04909738095406586,
  "NEWLINE-NAME": 0.10803829850471655,
  "(-)": 0.014004571477096616,
  "(-STRING": 0.010367204251615232,
  "STRING-)": 0.010982867575772586,
  "NEWLINE-DEDENT": 0.0199206006609535,
  "DEDENT-except": 0.0015497731952926524,
  "except-NAME": 0.001408241396635789,
  "NAME-as": 0.0015002370657627502,
  "as-NAME": 0.0027386403040103036,
  "NAME-:": 0.0064184670690887475,
  "NAME-)": 0.02046549808578242,
  "DEDENT-NEWLINE": 0.0004245953959705897,
  "DEDENT-ENDMARKER": 0.002094670620121576,
  "NEWLINE-import": 0.0035453715563544238,
  "NAME-,": 0.017797623681100553,
  "NEWLINE-def": 0.0024768064764951066,
  "def-NAME": 0.008322069761023558,
  "=-STRING": 0.00508099157178139,
  "STRING-,": 0.00989307272611474,
  ")-:": 0.011117322784496607,
  "=-(": 0.0003679826765078444,
  "(-NUMBER": 0.009942608855644642,
  "NUMBER-,": 0.0064113904791559045,
  ",-NUMBER": 0.0044157921180941325,
  "NUMBER-)": 0.013537516541528969,
  ")-)": 0.0030570868509882457,
  "DEDENT-def": 0.004861617283863252,
  ")-,": 0.0016063859147553976,
  ",-STRING": 0.004005349901989229,
  "[-NUMBER": 0.001882372922136281,
  "NUMBER-]": 0.0022149726489799097,
  ",-NEWLINE": 0.005958488723453942,
  "]-[": 0.0010402587201279448,
  "except-:": 0.00012737861879117692,
  "INDENT-return": 0.0012030202885833375,
  "return-[": 0.00026891041744804014,
  "[-[": 0.00012030202885833375,
  "[-NAME": 0.0021725131093828505,
  "NAME-]": 0.0019602154113975557,
  "]-+": 0.00011322543892549059,
  "+-NAME": 0.0010331821301951016,
  "]-for": 0.00019814451811960853,
  "for-NAME": 0.0029933975415926575,
  "NAME-in": 0.0031349293402495207,
  "in-NAME": 0.003722286304675503,
  ")-]": 0.0003821358563735307,
  "]-NEWLINE": 0.0029933975415926575,
  "INDENT-for": 0.0006722760436201003,
  "DEDENT-NAME": 0.0028730955127343237,
  "NEWLINE-return": 0.0016771518140838292,
  "return-NAME": 0.002144206749651478,
  "NUMBER--": 5.661271946274529e-5,
  "--NAME": 0.00037505926644068756,
  "NAME-for": 0.00019106792818676535,
  "[--": 0.0001486083885897064,
  "NAME--": 0.0004882847053661782,
  "--NUMBER": 0.0022998917281740277,
  "=-NUMBER": 0.0047413152550049185,
  "=-[": 0.0013870116268372597,
  "[-]": 0.0007501185328813751,
  "NEWLINE-for": 0.0015426966053598092,
  "NAME-+": 0.0012100968785161807,
  "+-NUMBER": 0.0003255231369107854,
  "NUMBER-NEWLINE": 0.0014860838858970638,
  "NEWLINE-try": 0.0004953612952990213,
  "+-=": 0.0005732037845602961,
  "INDENT-True": 0.00011322543892549059,
  "True-NEWLINE": 0.0003679826765078444,
  "DEDENT-try": 0.00022645087785098117,
  "NAME-/": 0.00016983815838823589,
  "/-NAME": 0.00019106792818676535,
  ")-/": 7.076589932843162e-5,
  "DEDENT-return": 0.000658122863754414,
  "INDENT-def": 0.0008562673818740225,
  "[-NEWLINE": 0.00020522110805245168,
  ")-*": 0.00013445520872402007,
  "*-NAME": 0.000261833827515197,
  "DEDENT-]": 0.00017691474832107903,
  ",-(": 0.00039628903623921706,
  "(-(": 0.0004599783456348055,
  "NUMBER-*": 0.0001486083885897064,
  "*-(": 6.368930939558846e-5,
  "/-NUMBER": 0.00021229769798529485,
  ")-+": 0.00025475723758235384,
  "+-(": 3.538294966421581e-5,
  "]-*": 2.8306359731372647e-5,
  "--(": 7.076589932843162e-6,
  "NUMBER-/": 8.491907919411794e-5,
  "/-(": 2.1229769798529486e-5,
  "NUMBER-+": 0.00030429336711225593,
  "NUMBER-.": 0.0007218121731500024,
  ".-NUMBER": 0.0007218121731500024,
  "NUMBER-**": 2.8306359731372647e-5,
  "**-(": 1.4153179865686323e-5,
  "(--": 0.0014860838858970638,
  "NAME-*": 0.0005590506046946098,
  "]-/": 3.538294966421581e-5,
  ")--": 0.00015568497852254956,
  "*-NEWLINE": 0.00012030202885833375,
  "INDENT-(": 4.245953959705897e-5,
  "]--": 7.784248926127478e-5,
  "DEDENT-for": 0.00019106792818676535,
  "NEWLINE-ENDMARKER": 0.00039628903623921706,
  "INDENT-if": 0.0017833006630764768,
  "NAME-NAME": 0.00031136995704509913,
  "STRING-NEWLINE": 0.0029155550523313825,
  "NAME-FSTRING_START": 0.0019602154113975557,
  "FSTRING_START-FSTRING_MIDDLE": 0.007649793717403458,
  "FSTRING_MIDDLE-FSTRING_END": 0.007607334177806398,
  "FSTRING_END-)": 0.005448974248289234,
  "import-*": 0.00011322543892549059,
  "=-True": 0.0009411864610681405,
  "True-)": 0.0006298165040230414,
  "FSTRING_END-,": 0.0009907225905980426,
  ":-(": 3.538294966421581e-5,
  "(-[": 0.00047413152550049184,
  ":-ENDMARKER": 7.784248926127478e-5,
  "INDENT-+": 7.076589932843162e-6,
  "+-STRING": 0.0003679826765078444,
  "NEWLINE-+": 2.1229769798529486e-5,
  "DEDENT-while": 3.538294966421581e-5,
  "while-True": 0.000481208115433335,
  "True-:": 0.0004953612952990213,
  "NEWLINE-while": 0.00041751880603774655,
  "while-NAME": 0.00013445520872402007,
  "NAME->": 0.00024768064764951064,
  ">-NUMBER": 0.000219374287918138,
  "NUMBER-or": 4.953612952990213e-5,
  "or-NAME": 0.00019814451811960853,
  "NAME-<": 0.00031136995704509913,
  "<-NUMBER": 0.00024768064764951064,
  "NUMBER-:": 0.001273786187911769,
  "DEDENT-if": 0.0025192660160921654,
  "==-NUMBER": 0.0005448974248289235,
  "DEDENT-elif": 0.0011251777993220627,
  "elif-NAME": 0.0010544118999936312,
  "DEDENT-else": 0.0016700752241509862,
  "else-:": 0.0016700752241509862,
  "STRING-+": 0.00041751880603774655,
  "==-NAME": 0.00017691474832107903,
  "if-(": 4.953612952990213e-5,
  "NUMBER-and": 6.368930939558846e-5,
  "and-NAME": 0.00023352746778382432,
  ")-or": 0.00022645087785098117,
  "or-NEWLINE": 2.1229769798529486e-5,
  "elif-(": 7.076589932843162e-6,
  "STRING-or": 6.368930939558846e-5,
  "INDENT-break": 0.0001627615684553927,
  "break-NEWLINE": 0.0003609060865750012,
  ")-.": 0.00136578185703873,
  "NEWLINE-class": 0.0008138078422769636,
  "class-NAME": 0.0009270332812024542,
  "INDENT-STRING": 0.001139330979187749,
  "STRING-STRING": 0.0009058035114039247,
  "=-False": 0.000261833827515197,
  "False-NEWLINE": 0.00020522110805245168,
  "if-not": 0.0005590506046946098,
  "not-NAME": 0.0005802803744931393,
  "return-NEWLINE": 0.0002830635973137265,
  "INDENT-raise": 0.00019106792818676535,
  "raise-NAME": 0.00019106792818676535,
  ":-]": 0.00010614884899264743,
  "INDENT-with": 0.0006368930939558846,
  "with-NAME": 0.001273786187911769,
  ")-as": 0.0012384032382475533,
  "]-.": 0.0004599783456348055,
  "NEWLINE-with": 0.0005307442449632371,
  "(-FSTRING_START": 0.003764745844272562,
  "*-NUMBER": 0.0006015101442916688,
  "DEDENT-with": 9.19956691269611e-5,
  ")-ENDMARKER": 0.0004033656261720602,
  "NEWLINE-break": 0.00019814451811960853,
  "NAME-or": 0.00012030202885833375,
  "or-STRING": 0.0001627615684553927,
  "=-None": 0.0005590506046946098,
  "None-NEWLINE": 0.00030429336711225593,
  "=-{": 0.0008987269214710815,
  "{-}": 0.00025475723758235384,
  "}-NEWLINE": 0.0011251777993220627,
  "None-)": 0.0003609060865750012,
  "NAME-is": 0.00020522110805245168,
  "is-not": 7.076589932843162e-5,
  "not-None": 7.076589932843162e-5,
  "None-:": 0.00022645087785098117,
  "]-=": 0.0008562673818740225,
  "while-not": 2.8306359731372647e-5,
  "NAME-STRING": 0.0003467529067093149,
  "NAME-%": 0.00010614884899264743,